2024-06-17 16:09:10.264141,2801500,4.241527841e-08
2024-06-17 16:09:10.453262,2801600,4.241434654e-08
2024-06-17 16:09:10.652857,2801700,4.239754112e-08
2024-06-17 16:09:10.854883,2801800,4.241247993e-08
2024-06-17 16:09:11.064338,2801900,4.2417142169999996e-08
2024-06-17 16:09:11.270090,2802000,4.2405008919999996e-08
2024-06-17 16:09:11.465366,2802100,4.241901514e-08
2024-06-17 16:09:11.670092,2802200,4.2397536500000006e-08
2024-06-17 16:09:11.872280,2802300,4.243768536e-08
2024-06-17 16:09:12.075088,2802400,4.2393807220000003e-08
2024-06-17 16:09:12.288292,2802500,4.23975397e-08
2024-06-17 16:09:12.489701,2802600,4.241621419e-08
2024-06-17 16:09:12.687766,2802700,4.24012736e-08
2024-06-17 16:09:12.892783,2802800,4.240501037e-08
2024-06-17 16:09:13.097846,2802900,4.240781344e-08
2024-06-17 16:09:13.299687,2803000,4.238727484e-08
2024-06-17 16:09:13.515972,2803100,4.243488193e-08
2024-06-17 16:09:13.732908,2803200,4.240594471e-08
2024-06-17 16:09:13.936771,2803300,4.2415277679999994e-08
2024-06-17 16:09:14.173082,2803400,4.238727343e-08
2024-06-17 16:09:14.374815,2803500,4.242648011e-08
2024-06-17 16:09:14.578852,2803600,4.241621561e-08
2024-06-17 16:09:14.779264,2803700,4.240874460999999e-08
2024-06-17 16:09:14.995747,2803800,4.244328835999999e-08
2024-06-17 16:09:15.217789,2803900,4.242274942e-08
2024-06-17 16:09:15.420875,2804000,4.2413412870000004e-08
2024-06-17 16:09:15.637504,2804100,4.2405009630000006e-08
2024-06-17 16:09:15.841559,2804200,4.243208273e-08
2024-06-17 16:09:16.041410,2804300,4.24124771e-08
2024-06-17 16:09:16.243612,2804400,4.243115085e-08
2024-06-17 16:09:16.445059,2804500,4.2414346870000004e-08
2024-06-17 16:09:16.649201,2804600,4.2404074559999995e-08
2024-06-17 16:09:16.837100,2804700,4.240780883e-08
2024-06-17 16:09:17.042000,2804800,4.2405008220000004e-08
2024-06-17 16:09:17.241689,2804900,4.2410612269999994e-08
2024-06-17 16:09:17.445012,2805000,4.2399409140000004e-08
2024-06-17 16:09:17.632341,2805100,4.241247744e-08
2024-06-17 16:09:17.837127,2805200,4.240967541e-08
2024-06-17 16:09:18.040130,2805300,4.2432083100000004e-08
2024-06-17 16:09:18.243887,2805400,4.2396611730000004e-08
2024-06-17 16:09:18.447958,2805500,4.243114943e-08
2024-06-17 16:09:18.648724,2805600,4.241247707e-08
2024-06-17 16:09:18.852186,2805700,4.2408742109999996e-08
2024-06-17 16:09:19.066195,2805800,4.243954877e-08
2024-06-17 16:09:19.269008,2805900,4.240127891999999e-08
2024-06-17 16:09:19.471972,2806000,4.240127609e-08
2024-06-17 16:09:19.683440,2806100,4.242087997e-08
2024-06-17 16:09:19.887294,2806200,4.240408061000001e-08
2024-06-17 16:09:20.094164,2806300,4.2424612080000005e-08
2024-06-17 16:09:20.305333,2806400,4.240034138e-08
2024-06-17 16:09:20.504017,2806500,4.243021400999999e-08
2024-06-17 16:09:20.709270,2806600,4.241621135e-08
2024-06-17 16:09:20.946245,2806700,4.243208097e-08
2024-06-17 16:09:21.149917,2806800,4.239194064e-08
2024-06-17 16:09:21.354197,2806900,4.2402214019999997e-08
2024-06-17 16:09:21.552530,2807000,4.2399411269999994e-08
2024-06-17 16:09:21.746968,2807100,4.2409680739999996e-08
2024-06-17 16:09:21.957409,2807200,4.241247743e-08
2024-06-17 16:09:22.159350,2807300,4.243021472e-08
2024-06-17 16:09:22.359811,2807400,4.2412476380000006e-08
2024-06-17 16:09:22.568670,2807500,4.243301639e-08
2024-06-17 16:09:22.767743,2807600,4.243581558e-08
2024-06-17 16:09:22.990940,2807700,4.23938026e-08
2024-06-17 16:09:23.197855,2807800,4.241434332000001e-08
2024-06-17 16:09:23.400959,2807900,4.238540434e-08
2024-06-17 16:09:23.605310,2808000,4.241621383e-08
2024-06-17 16:09:23.808700,2808100,4.2434884760000006e-08
2024-06-17 16:09:24.027246,2808200,4.239567594e-08
2024-06-17 16:09:24.227278,2808300,4.24666233e-08
2024-06-17 16:09:24.434703,2808400,4.241714927e-08
2024-06-17 16:09:24.639712,2808500,4.243488049000001e-08
2024-06-17 16:09:24.853133,2808600,4.239567276e-08
2024-06-17 16:09:25.055886,2808700,4.237886806e-08
2024-06-17 16:09:25.257852,2808800,4.240967435e-08
2024-06-17 16:09:25.462171,2808900,4.243861938e-08
2024-06-17 16:09:25.672332,2809000,4.241154733e-08
2024-06-17 16:09:25.878516,2809100,4.2439549469999994e-08
2024-06-17 16:09:26.083030,2809200,4.239473944e-08
2024-06-17 16:09:26.286135,2809300,4.240688013e-08
2024-06-17 16:09:26.491948,2809400,4.241714643e-08
2024-06-17 16:09:26.696871,2809500,4.2438616540000005e-08
2024-06-17 16:09:26.903550,2809600,4.2422750100000003e-08
2024-06-17 16:09:27.117785,2809700,4.2430217909999997e-08
2024-06-17 16:09:27.322927,2809800,4.237513523e-08
2024-06-17 16:09:27.540051,2809900,4.241901088e-08
2024-06-17 16:09:27.789236,2810000,4.2404077750000004e-08
2024-06-17 16:09:27.989199,2810100,4.239661067e-08
2024-06-17 16:09:28.193388,2810200,4.240314056e-08
2024-06-17 16:09:28.396093,2810300,4.240314234e-08
2024-06-17 16:09:28.601347,2810400,4.24302126e-08
2024-06-17 16:09:28.802480,2810500,4.240314375e-08
2024-06-17 16:09:29.008050,2810600,4.243861938e-08
2024-06-17 16:09:29.210657,2810700,4.2405940800000004e-08
2024-06-17 16:09:29.413828,2810800,4.244794881e-08
2024-06-17 16:09:29.616078,2810900,4.241528125e-08
2024-06-17 16:09:29.817028,2811000,4.240500962000001e-08
2024-06-17 16:09:30.020938,2811100,4.2400344569999995e-08
2024-06-17 16:09:30.222871,2811200,4.241807865e-08
2024-06-17 16:09:30.422638,2811300,4.241994772e-08
2024-06-17 16:09:30.625288,2811400,4.244141819e-08
2024-06-17 16:09:30.826914,2811500,4.23910045e-08
2024-06-17 16:09:31.031656,2811600,4.24386176e-08
2024-06-17 16:09:31.231934,2811700,4.2405942220000004e-08
2024-06-17 16:09:31.437762,2811800,4.241901302e-08
2024-06-17 16:09:31.640241,2811900,4.243394968e-08
2024-06-17 16:09:31.842159,2812000,4.2391937409999995e-08
2024-06-17 16:09:32.050589,2812100,4.2399403789999996e-08
2024-06-17 16:09:32.249913,2812200,4.238166761e-08
2024-06-17 16:09:32.456728,2812300,4.239381078e-08
2024-06-17 16:09:32.674112,2812400,4.241341037e-08
2024-06-17 16:09:32.873308,2812500,4.239474087000001e-08
2024-06-17 16:09:33.077736,2812600,4.240501105e-08
2024-06-17 16:09:33.281086,2812700,4.241154344e-08
2024-06-17 16:09:33.492308,2812800,4.241621242e-08
2024-06-17 16:09:33.689469,2812900,4.241341358e-08
2024-06-17 16:09:33.896988,2813000,4.239847371e-08
2024-06-17 16:09:34.102992,2813100,4.2405943279999996e-08
2024-06-17 16:09:34.318677,2813200,4.244888814e-08
2024-06-17 16:09:34.566064,2813300,4.2424614930000004e-08
2024-06-17 16:09:34.768629,2813400,4.242274515e-08
2024-06-17 16:09:34.979212,2813500,4.241154273e-08
2024-06-17 16:09:35.180966,2813600,4.2391005189999996e-08
2024-06-17 16:09:35.387866,2813700,4.2424616359999995e-08
2024-06-17 16:09:35.591443,2813800,4.237420619e-08
2024-06-17 16:09:35.796112,2813900,4.2398474789999995e-08
2024-06-17 16:09:36.014914,2814000,4.2407812009999996e-08
2024-06-17 16:09:36.218410,2814100,4.237793476e-08
2024-06-17 16:09:36.434615,2814200,4.239754254e-08
2024-06-17 16:09:36.640688,2814300,4.241061049000001e-08
2024-06-17 16:09:36.839499,2814400,4.2408742460000006e-08
2024-06-17 16:09:37.047312,2814500,4.237420405e-08
2024-06-17 16:09:37.250187,2814600,4.237327074e-08
2024-06-17 16:09:37.450395,2814700,4.2429283570000005e-08
2024-06-17 16:09:37.655313,2814800,4.2396609949999996e-08
2024-06-17 16:09:37.854128,2814900,4.237233782000001e-08
2024-06-17 16:09:38.059419,2815000,4.240874532e-08
2024-06-17 16:09:38.264489,2815100,4.2378865929999995e-08
2024-06-17 16:09:38.468152,2815200,4.242834954e-08
2024-06-17 16:09:38.684424,2815300,4.237980562e-08
2024-06-17 16:09:38.888360,2815400,4.241154271e-08
2024-06-17 16:09:39.091791,2815500,4.237513487000001e-08
2024-06-17 16:09:39.292860,2815600,4.241341146e-08
2024-06-17 16:09:39.500663,2815700,4.23695358e-08
2024-06-17 16:09:39.720422,2815800,4.2400342779999996e-08
2024-06-17 16:09:39.936134,2815900,4.23956731e-08
2024-06-17 16:09:40.142255,2816000,4.242274479e-08
2024-06-17 16:09:40.343020,2816100,4.241994596e-08
2024-06-17 16:09:40.547019,2816200,4.240874319e-08
2024-06-17 16:09:40.751264,2816300,4.241341395e-08
2024-06-17 16:09:40.949972,2816400,4.2397542539999994e-08
2024-06-17 16:09:41.162570,2816500,4.2398479040000003e-08
2024-06-17 16:09:41.405628,2816600,4.239007439e-08
2024-06-17 16:09:41.613787,2816700,4.239660924e-08
2024-06-17 16:09:41.815851,2816800,4.2418077950000004e-08
2024-06-17 16:09:42.019686,2816900,4.242368304e-08
2024-06-17 16:09:42.227688,2817000,4.2405007160000004e-08
2024-06-17 16:09:42.429761,2817100,4.238353881e-08
2024-06-17 16:09:42.639139,2817200,4.240780953e-08
2024-06-17 16:09:42.833552,2817300,4.2406873740000004e-08
2024-06-17 16:09:43.050738,2817400,4.238260517e-08
2024-06-17 16:09:43.255175,2817500,4.2414342270000006e-08
2024-06-17 16:09:43.451486,2817600,4.2408744250000005e-08
2024-06-17 16:09:43.653353,2817700,4.241808007e-08
2024-06-17 16:09:43.868587,2817800,4.2409676830000005e-08
2024-06-17 16:09:44.064553,2817900,4.240874532e-08
2024-06-17 16:09:44.275975,2818000,4.2415279129999995e-08
2024-06-17 16:09:44.475970,2818100,4.2409676830000005e-08
2024-06-17 16:09:44.676432,2818200,4.2401277149999995e-08
2024-06-17 16:09:44.876522,2818300,4.239754112e-08
2024-06-17 16:09:45.092850,2818400,4.24488899e-08
2024-06-17 16:09:45.301709,2818500,4.241434332000001e-08
2024-06-17 16:09:45.495729,2818600,4.241434545e-08
2024-06-17 16:09:45.700273,2818700,4.238260588e-08
2024-06-17 16:09:45.909868,2818800,4.239567523999999e-08
2024-06-17 16:09:46.104051,2818900,4.2380738919999995e-08
2024-06-17 16:09:46.321861,2819000,4.240314161e-08
2024-06-17 16:09:46.534094,2819100,4.2382604460000005e-08
2024-06-17 16:09:46.743161,2819200,4.2417145009999997e-08
2024-06-17 16:09:46.945393,2819300,4.2418083620000006e-08
2024-06-17 16:09:47.156813,2819400,4.2419012670000005e-08
2024-06-17 16:09:47.363963,2819500,4.2434880840000004e-08
2024-06-17 16:09:47.565358,2819600,4.237793546e-08
2024-06-17 16:09:47.768934,2819700,4.243861864999999e-08
2024-06-17 16:09:47.974208,2819800,4.240967897e-08
2024-06-17 16:09:48.223865,2819900,4.241527805e-08
2024-06-17 16:09:48.426029,2820000,4.240594434e-08
2024-06-17 16:09:48.630041,2820100,4.24320838e-08
2024-06-17 16:09:48.845420,2820200,4.2433016040000005e-08
2024-06-17 16:09:49.053956,2820300,4.242087926e-08
2024-06-17 16:09:49.259446,2820400,4.242088177e-08
2024-06-17 16:09:49.462203,2820500,4.2412477440000005e-08
2024-06-17 16:09:49.664896,2820600,4.239100377e-08
2024-06-17 16:09:49.876794,2820700,4.2387272719999997e-08
2024-06-17 16:09:50.085764,2820800,4.2400340290000005e-08
2024-06-17 16:09:50.300806,2820900,4.240501246999999e-08
2024-06-17 16:09:50.503457,2821000,4.241247567e-08
2024-06-17 16:09:50.705312,2821100,4.239940949e-08
2024-06-17 16:09:50.905728,2821200,4.238167257e-08
2024-06-17 16:09:51.123052,2821300,4.241340968000001e-08
2024-06-17 16:09:51.330844,2821400,4.2361135400000005e-08
2024-06-17 16:09:51.536004,2821500,4.239847407e-08
2024-06-17 16:09:51.743152,2821600,4.23732704e-08
2024-06-17 16:09:51.947163,2821700,4.2390071900000006e-08
2024-06-17 16:09:52.231515,2821800,4.2368602840000005e-08
2024-06-17 16:09:52.577382,2821900,4.239660392e-08
2024-06-17 16:09:52.786140,2822000,4.244981931000001e-08
2024-06-17 16:09:52.995347,2822100,4.2416214900000005e-08
2024-06-17 16:09:53.196524,2822200,4.240967683e-08
2024-06-17 16:09:53.423518,2822300,4.2395677379999995e-08
2024-06-17 16:09:53.633392,2822400,4.2415279819999996e-08
2024-06-17 16:09:53.834608,2822500,4.240034174e-08
2024-06-17 16:09:54.043998,2822600,4.243208308e-08
2024-06-17 16:09:54.263289,2822700,4.2399409500000004e-08
2024-06-17 16:09:54.482419,2822800,4.24106073e-08
2024-06-17 16:09:54.695284,2822900,4.240034171e-08
2024-06-17 16:09:54.907454,2823000,4.2419947730000005e-08
2024-06-17 16:09:55.156917,2823100,4.242834562e-08
2024-06-17 16:09:55.374867,2823200,4.239660747e-08
2024-06-17 16:09:55.594242,2823300,4.24386162e-08
2024-06-17 16:09:55.810237,2823400,4.2424612450000004e-08
2024-06-17 16:09:56.031502,2823500,4.2402206910000004e-08
2024-06-17 16:09:56.247289,2823600,4.243114624e-08
2024-06-17 16:09:56.453450,2823700,4.2412475669999996e-08
2024-06-17 16:09:56.657415,2823800,4.2402209390000004e-08
2024-06-17 16:09:56.872692,2823900,4.241901302e-08
2024-06-17 16:09:57.077365,2824000,4.2397541460000005e-08
2024-06-17 16:09:57.295133,2824100,4.245075402e-08
2024-06-17 16:09:57.513426,2824200,4.2397540770000005e-08
2024-06-17 16:09:57.731706,2824300,4.241341181e-08
2024-06-17 16:09:57.948287,2824400,4.2444219880000005e-08
2024-06-17 16:09:58.164560,2824500,4.242741731e-08
2024-06-17 16:09:58.371589,2824600,4.242181468e-08
2024-06-17 16:09:58.592005,2824700,4.240594259e-08
2024-06-17 16:09:58.808222,2824800,4.239567416e-08
2024-06-17 16:09:59.026537,2824900,4.239567487e-08
2024-06-17 16:09:59.241931,2825000,4.2413413590000005e-08
2024-06-17 16:09:59.460672,2825100,4.238353703e-08
2024-06-17 16:09:59.678399,2825200,4.2404075630000006e-08
2024-06-17 16:09:59.894437,2825300,4.2426480450000004e-08
2024-06-17 16:10:00.096699,2825400,4.240594151e-08
2024-06-17 16:10:00.315536,2825500,4.2447951639999995e-08
2024-06-17 16:10:00.535475,2825600,4.2419011959999995e-08
2024-06-17 16:10:00.753853,2825700,4.241154486e-08
2024-06-17 16:10:00.971278,2825800,4.243021685e-08
2024-06-17 16:10:01.191868,2825900,4.242554681e-08
2024-06-17 16:10:01.407191,2826000,4.238260551e-08
2024-06-17 16:10:01.613289,2826100,4.239754324e-08
2024-06-17 16:10:01.830969,2826200,4.241154272e-08
2024-06-17 16:10:02.048837,2826300,4.242928175e-08
2024-06-17 16:10:02.298468,2826400,4.240408273e-08
2024-06-17 16:10:02.518995,2826500,4.239473980000001e-08
2024-06-17 16:10:02.734273,2826600,4.2422747989999996e-08
2024-06-17 16:10:02.950898,2826700,4.240594224e-08
2024-06-17 16:10:03.156679,2826800,4.243861901999999e-08
2024-06-17 16:10:03.372730,2826900,4.2414346870000004e-08
2024-06-17 16:10:03.580381,2827000,4.2428349900000005e-08
2024-06-17 16:10:03.799764,2827100,4.244328372e-08
2024-06-17 16:10:04.011143,2827200,4.239007403e-08
2024-06-17 16:10:04.231402,2827300,4.242741411e-08
2024-06-17 16:10:04.448728,2827400,4.2402210800000006e-08
2024-06-17 16:10:04.655072,2827500,4.2404079540000004e-08
2024-06-17 16:10:04.871804,2827600,4.239847549e-08
2024-06-17 16:10:05.080663,2827700,4.239193814e-08
2024-06-17 16:10:05.284717,2827800,4.239194310999999e-08
2024-06-17 16:10:05.497231,2827900,4.2390073309999994e-08
2024-06-17 16:10:05.715947,2828000,4.2388206729999995e-08
2024-06-17 16:10:05.930924,2828100,4.242274479e-08
2024-06-17 16:10:06.143062,2828200,4.241061511e-08
2024-06-17 16:10:06.358846,2828300,4.239940843e-08
2024-06-17 16:10:06.579087,2828400,4.24339504e-08
2024-06-17 16:10:06.799045,2828500,4.2393806859999996e-08
2024-06-17 16:10:07.009694,2828600,4.241807829e-08
2024-06-17 16:10:07.227898,2828700,4.2413410390000004e-08
2024-06-17 16:10:07.449958,2828800,4.242928285000001e-08
2024-06-17 16:10:07.666472,2828900,4.239007225e-08
2024-06-17 16:10:07.877857,2829000,4.2377939380000005e-08
2024-06-17 16:10:08.093155,2829100,4.241901195e-08
2024-06-17 16:10:08.316150,2829200,4.2420881030000006e-08
2024-06-17 16:10:08.535194,2829300,4.2424612440000006e-08
2024-06-17 16:10:08.753198,2829400,4.2403142339999996e-08
2024-06-17 16:10:08.969987,2829500,4.2359265250000005e-08
2024-06-17 16:10:09.172603,2829600,4.242835094999999e-08
2024-06-17 16:10:09.404608,2829700,4.243115087e-08
2024-06-17 16:10:09.613160,2829800,4.237887126999999e-08
2024-06-17 16:10:09.838542,2829900,4.243861654e-08
2024-06-17 16:10:10.059283,2830000,4.241434334000001e-08
2024-06-17 16:10:10.267742,2830100,4.241434972000001e-08
2024-06-17 16:10:10.487862,2830200,4.242741376e-08
2024-06-17 16:10:10.698391,2830300,4.2430214730000005e-08
2024-06-17 16:10:10.926976,2830400,4.2389140029999996e-08
2024-06-17 16:10:11.143132,2830500,4.240688121e-08
2024-06-17 16:10:11.362366,2830600,4.244048562e-08
2024-06-17 16:10:11.580281,2830700,4.2430214019999995e-08
2024-06-17 16:10:11.800220,2830800,4.239660961e-08
2024-06-17 16:10:12.018660,2830900,4.240687517e-08
2024-06-17 16:10:12.233692,2831000,4.241341393e-08
2024-06-17 16:10:12.454737,2831100,4.2446083639999995e-08
2024-06-17 16:10:12.673420,2831200,4.237327111e-08
2024-06-17 16:10:12.886676,2831300,4.24208789e-08
2024-06-17 16:10:13.089848,2831400,4.2390074390000003e-08
2024-06-17 16:10:13.315091,2831500,4.240687976e-08
2024-06-17 16:10:13.530799,2831600,4.242554894e-08
2024-06-17 16:10:13.750199,2831700,4.2431148379999996e-08
2024-06-17 16:10:13.967881,2831800,4.240967754e-08
2024-06-17 16:10:14.174702,2831900,4.23816701e-08
2024-06-17 16:10:14.393705,2832000,4.2412479929999997e-08
2024-06-17 16:10:14.609530,2832100,4.240407741e-08
2024-06-17 16:10:14.824571,2832200,4.2398477280000005e-08
2024-06-17 16:10:15.034027,2832300,4.239753863e-08
2024-06-17 16:10:15.243359,2832400,4.241994491e-08
2024-06-17 16:10:15.460242,2832500,4.241527699e-08
2024-06-17 16:10:15.672839,2832600,4.236766847999999e-08
2024-06-17 16:10:15.885313,2832700,4.2389138609999996e-08
2024-06-17 16:10:16.102212,2832800,4.2385404689999996e-08
2024-06-17 16:10:16.298346,2832900,4.242461423e-08
2024-06-17 16:10:16.542712,2833000,4.242928214e-08
2024-06-17 16:10:16.759296,2833100,4.2429282489999997e-08
2024-06-17 16:10:16.982910,2833200,4.243021651e-08
2024-06-17 16:10:17.188479,2833300,4.238073678e-08
2024-06-17 16:10:17.397105,2833400,4.2414345800000006e-08
2024-06-17 16:10:17.610014,2833500,4.241434617e-08
2024-06-17 16:10:17.828767,2833600,4.238634049e-08
2024-06-17 16:10:18.035602,2833700,4.239754218e-08
2024-06-17 16:10:18.245039,2833800,4.240314126e-08
2024-06-17 16:10:18.455748,2833900,4.2391941349999994e-08
2024-06-17 16:10:18.669824,2834000,4.240874423e-08
2024-06-17 16:10:18.880502,2834100,4.241247851e-08
2024-06-17 16:10:19.092078,2834200,4.240874672e-08
2024-06-17 16:10:19.312069,2834300,4.238633798e-08
2024-06-17 16:10:19.530941,2834400,4.241061084e-08
2024-06-17 16:10:19.749665,2834500,4.240594614e-08
2024-06-17 16:10:19.970443,2834600,4.24218129e-08
2024-06-17 16:10:20.189471,2834700,4.238540789000001e-08
2024-06-17 16:10:20.402932,2834800,4.239380828e-08
2024-06-17 16:10:20.622167,2834900,4.240501107e-08
2024-06-17 16:10:20.827281,2835000,4.2394737680000005e-08
2024-06-17 16:10:21.045512,2835100,4.239847584e-08
2024-06-17 16:10:21.263871,2835200,4.241807971e-08
2024-06-17 16:10:21.486513,2835300,4.2398471589999994e-08
2024-06-17 16:10:21.705369,2835400,4.238727272e-08
2024-06-17 16:10:21.924375,2835500,4.241528016e-08
2024-06-17 16:10:22.140786,2835600,4.242648046e-08
2024-06-17 16:10:22.358887,2835700,4.2406880150000004e-08
2024-06-17 16:10:22.573420,2835800,4.2373270389999994e-08
2024-06-17 16:10:22.791495,2835900,4.2405013189999994e-08
2024-06-17 16:10:23.008517,2836000,4.242554894999999e-08
2024-06-17 16:10:23.220356,2836100,4.2405943649999995e-08
2024-06-17 16:10:23.432134,2836200,4.239474088e-08
2024-06-17 16:10:23.698268,2836300,4.238353631e-08
2024-06-17 16:10:23.908463,2836400,4.2461025620000003e-08
2024-06-17 16:10:24.119084,2836500,4.241808325999999e-08
2024-06-17 16:10:24.339221,2836600,4.239567132000001e-08
2024-06-17 16:10:24.545353,2836700,4.2395675250000004e-08
2024-06-17 16:10:24.765456,2836800,4.236860179e-08
2024-06-17 16:10:24.993762,2836900,4.240221115999999e-08
2024-06-17 16:10:25.212479,2837000,4.240127466e-08
2024-06-17 16:10:25.431955,2837100,4.2399408059999995e-08
2024-06-17 16:10:25.645623,2837200,4.237420264e-08
2024-06-17 16:10:25.849490,2837300,4.241434616e-08
2024-06-17 16:10:26.055839,2837400,4.239567453e-08
2024-06-17 16:10:26.271011,2837500,4.24096818e-08
2024-06-17 16:10:26.476712,2837600,4.239380864e-08
2024-06-17 16:10:26.693326,2837700,4.243115086e-08
2024-06-17 16:10:26.909591,2837800,4.241527982e-08
2024-06-17 16:10:27.133309,2837900,4.242368233e-08
2024-06-17 16:10:27.348678,2838000,4.2391004490000004e-08
2024-06-17 16:10:27.569415,2838100,4.239473731e-08
2024-06-17 16:10:27.787122,2838200,4.240127715e-08
2024-06-17 16:10:28.001593,2838300,4.236672986e-08
2024-06-17 16:10:28.220983,2838400,4.239661034e-08
2024-06-17 16:10:28.442033,2838500,4.240034138e-08
2024-06-17 16:10:28.656662,2838600,4.23807375e-08
2024-06-17 16:10:28.875387,2838700,4.242368056e-08
2024-06-17 16:10:29.078594,2838800,4.237606675e-08
2024-06-17 16:10:29.295693,2838900,4.238727237e-08
2024-06-17 16:10:29.511578,2839000,4.242461528e-08
2024-06-17 16:10:29.730586,2839100,4.239660712e-08
2024-06-17 16:10:29.947271,2839200,4.240127395e-08
2024-06-17 16:10:30.159108,2839300,4.243395148e-08
2024-06-17 16:10:30.375599,2839400,4.240500785e-08
2024-06-17 16:10:30.588342,2839500,4.2423680209999995e-08
2024-06-17 16:10:30.830435,2839600,4.2396605339999993e-08
2024-06-17 16:10:31.042896,2839700,4.241808008e-08
2024-06-17 16:10:31.264558,2839800,4.238446961e-08
2024-06-17 16:10:31.485751,2839900,4.243208131e-08
2024-06-17 16:10:31.706488,2840000,4.245168804e-08
2024-06-17 16:10:31.922335,2840100,4.2391007320000006e-08
2024-06-17 16:10:32.141675,2840200,4.242554574e-08
2024-06-17 16:10:32.355862,2840300,4.24227462e-08
2024-06-17 16:10:32.577786,2840400,4.240781167e-08
2024-06-17 16:10:32.794599,2840500,4.2447016209999996e-08
2024-06-17 16:10:33.011678,2840600,4.242648472e-08
2024-06-17 16:10:33.228875,2840700,4.243861829e-08
2024-06-17 16:10:33.437744,2840800,4.2368603909999996e-08
2024-06-17 16:10:33.655348,2840900,4.241527875e-08
2024-06-17 16:10:33.872196,2841000,4.2441417499999995e-08
2024-06-17 16:10:34.092989,2841100,4.243395254e-08
2024-06-17 16:10:34.308567,2841200,4.2413414650000005e-08
2024-06-17 16:10:34.530835,2841300,4.2399408770000005e-08
2024-06-17 16:10:34.748786,2841400,4.241061119e-08
2024-06-17 16:10:34.965103,2841500,4.240781202e-08
2024-06-17 16:10:35.184519,2841600,4.2436750650000005e-08
2024-06-17 16:10:35.404732,2841700,4.2408744240000007e-08
2024-06-17 16:10:35.610886,2841800,4.241714499e-08
2024-06-17 16:10:35.827152,2841900,4.239754539e-08
2024-06-17 16:10:36.048298,2842000,4.244795128e-08
2024-06-17 16:10:36.263425,2842100,4.2397540049999997e-08
2024-06-17 16:10:36.481737,2842200,4.243581379e-08
2024-06-17 16:10:36.704137,2842300,4.242181611e-08
2024-06-17 16:10:36.920530,2842400,4.241901372e-08
2024-06-17 16:10:37.133097,2842500,4.2408743539999995e-08
2024-06-17 16:10:37.339245,2842600,4.2455420529999997e-08
2024-06-17 16:10:37.546151,2842700,4.242367915e-08
2024-06-17 16:10:37.754708,2842800,4.241154522e-08
2024-06-17 16:10:38.198175,2842900,4.2445151049999997e-08
2024-06-17 16:10:38.404485,2843000,4.2465691769999994e-08
2024-06-17 16:10:38.601030,2843100,4.2426477970000004e-08
2024-06-17 16:10:38.805402,2843200,4.2422751169999994e-08
2024-06-17 16:10:39.022139,2843300,4.245262026e-08
2024-06-17 16:10:39.231131,2843400,4.241061191e-08
2024-06-17 16:10:39.441570,2843500,4.243394826e-08
2024-06-17 16:10:39.646280,2843600,4.2460090920000005e-08
2024-06-17 16:10:39.859877,2843700,4.243301533e-08
2024-06-17 16:10:40.064609,2843800,4.2447954849999994e-08
2024-06-17 16:10:40.262392,2843900,4.244141927e-08
2024-06-17 16:10:40.474385,2844000,4.245635524e-08
2024-06-17 16:10:40.681089,2844100,4.242181291e-08
2024-06-17 16:10:41.000807,2844200,4.2432083450000007e-08
2024-06-17 16:10:41.325306,2844300,4.244422023000001e-08
2024-06-17 16:10:41.530595,2844400,4.244608539999999e-08
2024-06-17 16:10:41.749050,2844500,4.241061013e-08
2024-06-17 16:10:41.963697,2844600,4.242741090000001e-08
2024-06-17 16:10:42.176329,2844700,4.245075331e-08
2024-06-17 16:10:42.401367,2844800,4.245821969e-08
2024-06-17 16:10:42.617344,2844900,4.2416211700000004e-08
2024-06-17 16:10:42.831164,2845000,4.239100697e-08
2024-06-17 16:10:43.059507,2845100,4.240874638e-08
2024-06-17 16:10:43.272468,2845200,4.244515387e-08
2024-06-17 16:10:43.490218,2845300,4.243768503e-08
2024-06-17 16:10:43.706302,2845400,4.245075225e-08
2024-06-17 16:10:43.928805,2845500,4.243861512e-08
2024-06-17 16:10:44.151721,2845600,4.243675066e-08
2024-06-17 16:10:44.372018,2845700,4.2413412870000004e-08
2024-06-17 16:10:44.589570,2845800,4.244888387e-08
2024-06-17 16:10:44.806748,2845900,4.243581842999999e-08
2024-06-17 16:10:45.025993,2846000,4.2425549659999997e-08
2024-06-17 16:10:45.261820,2846100,4.244141572e-08
2024-06-17 16:10:45.481786,2846200,4.244702049e-08
2024-06-17 16:10:45.701646,2846300,4.242087925e-08
2024-06-17 16:10:45.922961,2846400,4.246475243e-08
2024-06-17 16:10:46.144117,2846500,4.2461955729999995e-08
2024-06-17 16:10:46.359735,2846600,4.2445153529999996e-08
2024-06-17 16:10:46.579902,2846700,4.243674923e-08
2024-06-17 16:10:46.796266,2846800,4.2449817510000004e-08
2024-06-17 16:10:47.012312,2846900,4.240874602e-08
2024-06-17 16:10:47.226706,2847000,4.2460087359999996e-08
2024-06-17 16:10:47.443658,2847100,4.244701871e-08
2024-06-17 16:10:47.649570,2847200,4.2445149620000005e-08
2024-06-17 16:10:47.872518,2847300,4.2454485439999996e-08
2024-06-17 16:10:48.097191,2847400,4.24628869e-08
2024-06-17 16:10:48.312876,2847500,4.244888316999999e-08
2024-06-17 16:10:48.543325,2847600,4.245728816e-08
2024-06-17 16:10:48.748114,2847700,4.244328622e-08
2024-06-17 16:10:48.978244,2847800,4.244514927e-08
2024-06-17 16:10:49.196603,2847900,4.2468490950000004e-08
2024-06-17 16:10:49.411782,2848000,4.2415277320000007e-08
2024-06-17 16:10:49.630205,2848100,4.244048382e-08
2024-06-17 16:10:49.847515,2848200,4.241247745e-08
2024-06-17 16:10:50.053536,2848300,4.240594153e-08
2024-06-17 16:10:50.270768,2848400,4.244515032e-08
2024-06-17 16:10:50.492157,2848500,4.244328587e-08
2024-06-17 16:10:50.712932,2848600,4.245542051e-08
2024-06-17 16:10:50.925778,2848700,4.242274584e-08
2024-06-17 16:10:51.131054,2848800,4.246009091e-08
2024-06-17 16:10:51.349916,2848900,4.246849094e-08
2024-06-17 16:10:51.565362,2849000,4.2433950049999996e-08
2024-06-17 16:10:51.772924,2849100,4.239940665e-08
2024-06-17 16:10:51.994034,2849200,4.241528122e-08
2024-06-17 16:10:52.205391,2849300,4.239847868e-08
2024-06-17 16:10:52.442929,2849400,4.241527733e-08
2024-06-17 16:10:52.655427,2849500,4.2400341720000004e-08
2024-06-17 16:10:52.869623,2849600,4.241341427999999e-08
2024-06-17 16:10:53.089089,2849700,4.243394898e-08
2024-06-17 16:10:53.305321,2849800,4.243581665e-08
2024-06-17 16:10:53.524116,2849900,4.2480624890000005e-08
2024-06-17 16:10:53.740184,2850000,4.243208556999999e-08
2024-06-17 16:10:53.959199,2850100,4.244235008e-08
2024-06-17 16:10:54.163910,2850200,4.245915619e-08
2024-06-17 16:10:54.379512,2850300,4.244328624e-08
2024-06-17 16:10:54.594013,2850400,4.246849166e-08
2024-06-17 16:10:54.803048,2850500,4.2447020830000004e-08
2024-06-17 16:10:55.015892,2850600,4.2393810769999994e-08
2024-06-17 16:10:55.222150,2850700,4.242087997e-08
2024-06-17 16:10:55.425899,2850800,4.2433018529999996e-08
2024-06-17 16:10:55.648848,2850900,4.246289081e-08
2024-06-17 16:10:55.863092,2851000,4.242087961e-08
2024-06-17 16:10:56.076746,2851100,4.245915513e-08
2024-06-17 16:10:56.279731,2851200,4.2405008229999995e-08
2024-06-17 16:10:56.488952,2851300,4.243675029e-08
2024-06-17 16:10:56.707975,2851400,4.242741697e-08
2024-06-17 16:10:56.937892,2851500,4.2391939919999995e-08
2024-06-17 16:10:57.177251,2851600,4.239567344e-08
2024-06-17 16:10:57.396236,2851700,4.244328515e-08
2024-06-17 16:10:57.611788,2851800,4.242087926e-08
2024-06-17 16:10:57.826883,2851900,4.2433948250000006e-08
2024-06-17 16:10:58.044417,2852000,4.2448886359999996e-08
2024-06-17 16:10:58.270359,2852100,4.245915513e-08
2024-06-17 16:10:58.485333,2852200,4.2410610849999994e-08
2024-06-17 16:10:58.701941,2852300,4.2451687690000005e-08
2024-06-17 16:10:58.921990,2852400,4.2433018160000003e-08
2024-06-17 16:10:59.139918,2852500,4.2412478860000006e-08
2024-06-17 16:10:59.360420,2852600,4.2419942749999996e-08
2024-06-17 16:10:59.621886,2852700,4.24106087e-08
2024-06-17 16:10:59.836233,2852800,4.241434476e-08
2024-06-17 16:11:00.053176,2852900,4.243301709e-08
2024-06-17 16:11:00.266136,2853000,4.24162124e-08
2024-06-17 16:11:00.479276,2853100,4.239754219e-08
2024-06-17 16:11:00.686626,2853200,4.239847443e-08
2024-06-17 16:11:00.894741,2853300,4.24227469e-08
2024-06-17 16:11:01.099119,2853400,4.2419948439999995e-08
2024-06-17 16:11:01.304410,2853500,4.2405010000000005e-08
2024-06-17 16:11:01.529420,2853600,4.2422750839999995e-08
2024-06-17 16:11:01.737932,2853700,4.242274691e-08
2024-06-17 16:11:01.971401,2853800,4.24022101e-08
2024-06-17 16:11:02.183014,2853900,4.2412478159999994e-08
2024-06-17 16:11:02.399652,2854000,4.2415279810000004e-08
2024-06-17 16:11:02.617141,2854100,4.2460090200000003e-08
2024-06-17 16:11:02.826935,2854200,4.241247531e-08
2024-06-17 16:11:03.047672,2854300,4.2412478870000004e-08
2024-06-17 16:11:03.252190,2854400,4.2400339240000004e-08
2024-06-17 16:11:03.619788,2854500,4.2433949680000004e-08
2024-06-17 16:11:03.951678,2854600,4.239847369e-08
2024-06-17 16:11:04.151531,2854700,4.242741448e-08
2024-06-17 16:11:04.354030,2854800,4.2397538969999994e-08
2024-06-17 16:11:04.558197,2854900,4.243861796e-08
2024-06-17 16:11:04.759691,2855000,4.2446088250000004e-08
2024-06-17 16:11:04.976957,2855100,4.240967754e-08
2024-06-17 16:11:05.366647,2855200,4.242461387e-08
2024-06-17 16:11:05.570428,2855300,4.2398477619999997e-08
2024-06-17 16:11:05.776881,2855400,4.241527733e-08
2024-06-17 16:11:05.995380,2855500,4.244515246e-08
2024-06-17 16:11:06.213493,2855600,4.2432080250000006e-08
2024-06-17 16:11:06.462798,2855700,4.241994559000001e-08
2024-06-17 16:11:06.681925,2855800,4.2462886550000004e-08
2024-06-17 16:11:06.897613,2855900,4.2437682519999995e-08
2024-06-17 16:11:07.116966,2856000,4.240687588e-08
2024-06-17 16:11:07.334991,2856100,4.243488191e-08
2024-06-17 16:11:07.556034,2856200,4.244141963e-08
2024-06-17 16:11:07.770172,2856300,4.2395672029999994e-08
2024-06-17 16:11:07.984575,2856400,4.2402209390000004e-08
2024-06-17 16:11:08.206536,2856500,4.245542122e-08
2024-06-17 16:11:08.425386,2856600,4.242181327e-08
2024-06-17 16:11:08.647016,2856700,4.243955021e-08
2024-06-17 16:11:08.853610,2856800,4.2385400059999996e-08
2024-06-17 16:11:09.071669,2856900,4.243768536e-08
2024-06-17 16:11:09.289877,2857000,4.244141997e-08
2024-06-17 16:11:09.504462,2857100,4.2437685e-08
2024-06-17 16:11:09.726474,2857200,4.24395509e-08
2024-06-17 16:11:09.943968,2857300,4.2408742460000006e-08
2024-06-17 16:11:10.165573,2857400,4.24096779e-08
2024-06-17 16:11:10.384433,2857500,4.2428349189999995e-08
2024-06-17 16:11:10.597285,2857600,4.241248277e-08
2024-06-17 16:11:10.815435,2857700,4.242461565e-08
2024-06-17 16:11:11.032269,2857800,4.241341499e-08
2024-06-17 16:11:11.253869,2857900,4.241154343e-08
2024-06-17 16:11:11.465819,2858000,4.243021507e-08
2024-06-17 16:11:11.695366,2858100,4.2435818049999996e-08
2024-06-17 16:11:11.913272,2858200,4.2445153510000006e-08
2024-06-17 16:11:12.120390,2858300,4.244608326e-08
2024-06-17 16:11:12.331503,2858400,4.245168837e-08
2024-06-17 16:11:12.552306,2858500,4.2424615290000004e-08
2024-06-17 16:11:12.768505,2858600,4.2428348459999995e-08
2024-06-17 16:11:12.995378,2858700,4.241341215e-08
2024-06-17 16:11:13.204300,2858800,4.238260268e-08
2024-06-17 16:11:13.410450,2858900,4.2377935819999996e-08
2024-06-17 16:11:13.648663,2859000,4.243115014e-08
2024-06-17 16:11:13.857435,2859100,4.2395676310000004e-08
2024-06-17 16:11:14.072556,2859200,4.239473945e-08
2024-06-17 16:11:14.292535,2859300,4.242834741e-08
2024-06-17 16:11:14.508506,2859400,4.241901408e-08
2024-06-17 16:11:14.720942,2859500,4.2410611550000006e-08
2024-06-17 16:11:14.931414,2859600,4.244795235e-08
2024-06-17 16:11:15.153355,2859700,4.2400342789999994e-08
2024-06-17 16:11:15.370425,2859800,4.242461243999999e-08
2024-06-17 16:11:15.589366,2859900,4.242835024000001e-08
2024-06-17 16:11:15.807990,2860000,4.241247994e-08
2024-06-17 16:11:16.026101,2860100,4.242648294e-08
2024-06-17 16:11:16.244585,2860200,4.244421881e-08
2024-06-17 16:11:16.460062,2860300,4.24264794e-08
2024-06-17 16:11:16.679510,2860400,4.2406879420000005e-08
2024-06-17 16:11:16.894732,2860500,4.242274585e-08
2024-06-17 16:11:17.117976,2860600,4.2443285499999995e-08
2024-06-17 16:11:17.333826,2860700,4.240874284e-08
2024-06-17 16:11:17.546413,2860800,4.2376069590000006e-08
2024-06-17 16:11:17.759598,2860900,4.243488371e-08
2024-06-17 16:11:17.980669,2861000,4.2423679870000004e-08
2024-06-17 16:11:18.194055,2861100,4.24283492e-08
2024-06-17 16:11:18.417103,2861200,4.242181432e-08
2024-06-17 16:11:18.632600,2861300,4.243114873e-08
2024-06-17 16:11:18.844068,2861400,4.241527805e-08
2024-06-17 16:11:19.069672,2861500,4.24152791e-08
2024-06-17 16:11:19.288844,2861600,4.241714677e-08
2024-06-17 16:11:19.504549,2861700,4.241154238e-08
2024-06-17 16:11:19.727764,2861800,4.240967967e-08
2024-06-17 16:11:19.943948,2861900,4.2415282650000005e-08
2024-06-17 16:11:20.162309,2862000,4.2414346879999995e-08
2024-06-17 16:11:20.377709,2862100,4.241341571e-08
2024-06-17 16:11:20.593141,2862200,4.2381667950000004e-08
2024-06-17 16:11:20.837583,2862300,4.238073821e-08
2024-06-17 16:11:21.048469,2862400,4.238914036e-08
2024-06-17 16:11:21.298666,2862500,4.2355530640000004e-08
2024-06-17 16:11:21.510153,2862600,4.2394740169999996e-08
2024-06-17 16:11:21.716764,2862700,4.237233177e-08
2024-06-17 16:11:21.925274,2862800,4.234432681e-08
2024-06-17 16:11:22.360478,2862900,4.2400343860000005e-08
2024-06-17 16:11:22.565315,2863000,4.23900726e-08
2024-06-17 16:11:22.770545,2863100,4.2338725939999996e-08
2024-06-17 16:11:22.984483,2863200,4.235179674e-08
2024-06-17 16:11:23.193265,2863300,4.231071706e-08
2024-06-17 16:11:23.402410,2863400,4.229951821e-08
2024-06-17 16:11:23.613891,2863500,4.2333124370000005e-08
2024-06-17 16:11:23.813566,2863600,4.231538709e-08
2024-06-17 16:11:24.022470,2863700,4.231352086999999e-08
2024-06-17 16:11:24.232023,2863800,4.2336864340000005e-08
2024-06-17 16:11:24.451755,2863900,4.2283644310000006e-08
2024-06-17 16:11:24.655092,2864000,4.228084586e-08
2024-06-17 16:11:24.857759,2864100,4.230232093e-08
2024-06-17 16:11:25.084298,2864200,4.2320991880000005e-08
2024-06-17 16:11:25.308106,2864300,4.232379141e-08
2024-06-17 16:11:25.514632,2864400,4.230605412e-08
2024-06-17 16:11:25.718152,2864500,4.2339664230000004e-08
2024-06-17 16:11:25.936976,2864600,4.2355532409999994e-08
2024-06-17 16:11:26.132267,2864700,4.23798081e-08
2024-06-17 16:11:26.360729,2864800,4.233872772e-08
2024-06-17 16:11:26.566243,2864900,4.2369535069999996e-08
2024-06-17 16:11:26.779709,2865000,4.236206337e-08
2024-06-17 16:11:26.996825,2865100,4.231538746e-08
2024-06-17 16:11:27.198874,2865200,4.2316319700000004e-08
2024-06-17 16:11:27.425932,2865300,4.232285634e-08
2024-06-17 16:11:27.634547,2865400,4.22948503e-08
2024-06-17 16:11:27.878586,2865500,4.2303254950000006e-08
2024-06-17 16:11:28.096110,2865600,4.2320989400000005e-08
2024-06-17 16:11:28.296440,2865700,4.236207083e-08
2024-06-17 16:11:28.508777,2865800,4.240500891e-08
2024-06-17 16:11:28.758864,2865900,4.23742005e-08
2024-06-17 16:11:29.088439,2866000,4.2345262589999996e-08
2024-06-17 16:11:29.293155,2866100,4.232658951e-08
2024-06-17 16:11:29.498789,2866200,4.2302319149999996e-08
2024-06-17 16:11:29.718052,2866300,4.232005396e-08
2024-06-17 16:11:29.933406,2866400,4.229204899e-08
2024-06-17 16:11:30.149814,2866500,4.230978874000001e-08
2024-06-17 16:11:30.368237,2866600,4.2325659419999995e-08
2024-06-17 16:11:30.575703,2866700,4.238167114e-08
2024-06-17 16:11:30.793651,2866800,4.2359263470000004e-08
2024-06-17 16:11:31.016934,2866900,4.23723364e-08
2024-06-17 16:11:31.236910,2867000,4.236300272e-08
2024-06-17 16:11:31.445303,2867100,4.2337793e-08
2024-06-17 16:11:31.666714,2867200,4.232005929000001e-08
2024-06-17 16:11:31.868001,2867300,4.2299516770000005e-08
2024-06-17 16:11:32.081188,2867400,4.231071919e-08
2024-06-17 16:11:32.304464,2867500,4.229391592e-08
2024-06-17 16:11:32.522553,2867600,4.2316322180000004e-08
2024-06-17 16:11:32.729669,2867700,4.233592712e-08
2024-06-17 16:11:32.957468,2867800,4.235926454999999e-08
2024-06-17 16:11:33.179377,2867900,4.232658953e-08
2024-06-17 16:11:33.397137,2868000,4.230792002e-08
2024-06-17 16:11:33.614036,2868100,4.230044724e-08
2024-06-17 16:11:33.833541,2868200,4.233218966e-08
2024-06-17 16:11:34.054499,2868300,4.230418541e-08
2024-06-17 16:11:34.257182,2868400,4.234899472e-08
2024-06-17 16:11:34.477438,2868500,4.237420335e-08
2024-06-17 16:11:34.698050,2868600,4.238633516999999e-08
2024-06-17 16:11:34.915178,2868700,4.234806568e-08
2024-06-17 16:11:35.164194,2868800,4.238727236e-08
2024-06-17 16:11:35.386988,2868900,4.241154699e-08
2024-06-17 16:11:35.604068,2869000,4.2395675229999995e-08
2024-06-17 16:11:35.821541,2869100,4.239287287000001e-08
2024-06-17 16:11:36.040946,2869200,4.240034172e-08
2024-06-17 16:11:36.260846,2869300,4.2368600360000006e-08
2024-06-17 16:11:36.477286,2869400,4.243675171e-08
2024-06-17 16:11:36.697833,2869500,4.241714499e-08
2024-06-17 16:11:36.913276,2869600,4.239567596000001e-08
2024-06-17 16:11:37.123985,2869700,4.23891386e-08
2024-06-17 16:11:37.345843,2869800,4.240127395e-08
2024-06-17 16:11:37.565389,2869900,4.239567415e-08
2024-06-17 16:11:37.782666,2870000,4.239941021e-08
2024-06-17 16:11:37.996930,2870100,4.2364868600000004e-08
2024-06-17 16:11:38.220516,2870200,4.23891379e-08
2024-06-17 16:11:38.432096,2870300,4.2420877470000004e-08
2024-06-17 16:11:38.643802,2870400,4.241434474e-08
2024-06-17 16:11:38.857600,2870500,4.239380617e-08
2024-06-17 16:11:39.073748,2870600,4.243021651e-08
2024-06-17 16:11:39.282601,2870700,4.2433016030000006e-08
2024-06-17 16:11:39.492959,2870800,4.237700323e-08
2024-06-17 16:11:39.711360,2870900,4.237887232e-08
2024-06-17 16:11:39.925386,2871000,4.239287179e-08
2024-06-17 16:11:40.135391,2871100,4.23938058e-08
2024-06-17 16:11:40.361999,2871200,4.2414343679999994e-08
2024-06-17 16:11:40.573957,2871300,4.236113681e-08
2024-06-17 16:11:40.785382,2871400,4.241340931e-08
2024-06-17 16:11:41.001013,2871500,4.242928072e-08
2024-06-17 16:11:41.224317,2871600,4.241154306e-08
2024-06-17 16:11:41.440673,2871700,4.242834705e-08
2024-06-17 16:11:41.659126,2871800,4.241340683e-08
2024-06-17 16:11:41.873970,2871900,4.2391943099999993e-08
2024-06-17 16:11:42.094374,2872000,4.243488546e-08
2024-06-17 16:11:42.347850,2872100,4.2400342819999996e-08
2024-06-17 16:11:42.561118,2872200,4.239193778e-08
2024-06-17 16:11:42.783238,2872300,4.239474195e-08
2024-06-17 16:11:43.003137,2872400,4.2394739090000006e-08
2024-06-17 16:11:43.223422,2872500,4.238540293e-08
2024-06-17 16:11:43.441339,2872600,4.2433017820000006e-08
2024-06-17 16:11:43.657924,2872700,4.23900751e-08
2024-06-17 16:11:43.872963,2872800,4.2420880310000005e-08
2024-06-17 16:11:44.097268,2872900,4.2405943289999995e-08
2024-06-17 16:11:44.316264,2873000,4.242181930999999e-08
2024-06-17 16:11:44.533723,2873100,4.244328445e-08
2024-06-17 16:11:44.753229,2873200,4.243488653e-08
2024-06-17 16:11:44.968975,2873300,4.2423679860000006e-08
2024-06-17 16:11:45.191824,2873400,4.2398474779999996e-08
2024-06-17 16:11:45.410538,2873500,4.241154202e-08
2024-06-17 16:11:45.627573,2873600,4.2454487210000005e-08
2024-06-17 16:11:45.844148,2873700,4.24208796e-08
2024-06-17 16:11:46.066207,2873800,4.241341464e-08
2024-06-17 16:11:46.280216,2873900,4.241714749e-08
2024-06-17 16:11:46.501591,2874000,4.243021295e-08
2024-06-17 16:11:46.718316,2874100,4.244141962000001e-08
2024-06-17 16:11:46.934028,2874200,4.240687303e-08
2024-06-17 16:11:47.160983,2874300,4.242741553999999e-08
2024-06-17 16:11:47.369668,2874400,4.24078106e-08
2024-06-17 16:11:47.588751,2874500,4.243954841e-08
2024-06-17 16:11:47.805148,2874600,4.241247601000001e-08
2024-06-17 16:11:48.030024,2874700,4.2391007320000006e-08
2024-06-17 16:11:48.239668,2874800,4.242928176e-08
2024-06-17 16:11:48.463683,2874900,4.2409679679999996e-08
2024-06-17 16:11:48.683040,2875000,4.242741268e-08
2024-06-17 16:11:48.908950,2875100,4.244048668e-08
2024-06-17 16:11:49.126903,2875200,4.2433948610000006e-08
2024-06-17 16:11:49.345432,2875300,4.243768251e-08
2024-06-17 16:11:49.604414,2875400,4.246942387e-08
2024-06-17 16:11:49.820156,2875500,4.245635451e-08
2024-06-17 16:11:50.031766,2875600,4.2473159569999996e-08
2024-06-17 16:11:50.247586,2875700,4.243581521e-08
2024-06-17 16:11:50.471982,2875800,4.242834814e-08
2024-06-17 16:11:50.685901,2875900,4.241154734e-08
2024-06-17 16:11:50.902539,2876000,4.242088139e-08
2024-06-17 16:11:51.122103,2876100,4.242648117e-08
2024-06-17 16:11:51.340173,2876200,4.240314518e-08
2024-06-17 16:11:51.562143,2876300,4.245542336e-08
2024-06-17 16:11:51.776511,2876400,4.243581734e-08
2024-06-17 16:11:51.994226,2876500,4.245075332e-08
2024-06-17 16:11:52.211800,2876600,4.240687942e-08
2024-06-17 16:11:52.433303,2876700,4.242180971e-08
2024-06-17 16:11:52.651519,2876800,4.243488263e-08
2024-06-17 16:11:52.865654,2876900,4.242274193e-08
2024-06-17 16:11:53.086356,2877000,4.2441418910000004e-08
2024-06-17 16:11:53.307952,2877100,4.246288973e-08
2024-06-17 16:11:53.524767,2877200,4.2428351339999995e-08
2024-06-17 16:11:53.743346,2877300,4.247689347e-08
2024-06-17 16:11:53.961055,2877400,4.245822253e-08
2024-06-17 16:11:54.182290,2877500,4.249183013e-08
2024-06-17 16:11:54.396487,2877600,4.24320806e-08
2024-06-17 16:11:54.617211,2877700,4.24647567e-08
2024-06-17 16:11:54.831079,2877800,4.2412476020000005e-08
2024-06-17 16:11:55.054085,2877900,4.2437682860000006e-08
2024-06-17 16:11:55.270373,2878000,4.243021223e-08
2024-06-17 16:11:55.488834,2878100,4.243861509e-08
2024-06-17 16:11:55.705564,2878200,4.242181256e-08
2024-06-17 16:11:55.920621,2878300,4.245542015e-08
2024-06-17 16:11:56.142400,2878400,4.2434884749999995e-08
2024-06-17 16:11:56.360775,2878500,4.244795058e-08
2024-06-17 16:11:56.582076,2878600,4.241527626999999e-08
2024-06-17 16:11:56.831045,2878700,4.241247532000001e-08
2024-06-17 16:11:57.051172,2878800,4.2481562100000004e-08
2024-06-17 16:11:57.265544,2878900,4.241714715e-08
2024-06-17 16:11:57.485559,2879000,4.240780953e-08
2024-06-17 16:11:57.706912,2879100,4.2405943640000004e-08
2024-06-17 16:11:57.925185,2879200,4.2414345440000005e-08
2024-06-17 16:11:58.145244,2879300,4.243115049e-08
2024-06-17 16:11:58.366991,2879400,4.244701726e-08
2024-06-17 16:11:58.585383,2879500,4.2462891860000005e-08
2024-06-17 16:11:58.802836,2879600,4.245635522e-08
2024-06-17 16:11:59.025389,2879700,4.243021437e-08
2024-06-17 16:11:59.253629,2879800,4.2452622750000004e-08
2024-06-17 16:11:59.460931,2879900,4.245262026e-08
2024-06-17 16:11:59.681276,2880000,4.243394933e-08
2024-06-17 16:11:59.884765,2880100,4.243488726e-08
2024-06-17 16:12:00.098567,2880200,4.247969371e-08
2024-06-17 16:12:00.322205,2880300,4.2452621699999997e-08
2024-06-17 16:12:00.527972,2880400,4.243768643e-08
2024-06-17 16:12:00.740929,2880500,4.243487942e-08
2024-06-17 16:12:00.963527,2880600,4.2455423009999996e-08
2024-06-17 16:12:01.184935,2880700,4.244048527e-08
2024-06-17 16:12:01.404810,2880800,4.246662079e-08
2024-06-17 16:12:01.621302,2880900,4.2445155300000005e-08
2024-06-17 16:12:01.837072,2881000,4.246475741e-08
2024-06-17 16:12:02.046308,2881100,4.243674743e-08
2024-06-17 16:12:02.263651,2881200,4.244888705e-08
2024-06-17 16:12:02.483120,2881300,4.242274655e-08
2024-06-17 16:12:02.701635,2881400,4.2438618660000004e-08
2024-06-17 16:12:02.917504,2881500,4.245075473e-08
2024-06-17 16:12:03.125354,2881600,4.243114731e-08
2024-06-17 16:12:03.341360,2881700,4.244141856999999e-08
2024-06-17 16:12:03.558633,2881800,4.243581769e-08
2024-06-17 16:12:03.777576,2881900,4.244982003e-08
2024-06-17 16:12:04.037700,2882000,4.24339504e-08
2024-06-17 16:12:04.250557,2882100,4.245728889e-08
2024-06-17 16:12:04.477509,2882200,4.243955196e-08
2024-06-17 16:12:04.692119,2882300,4.242367668e-08
2024-06-17 16:12:04.906137,2882400,4.243674885000001e-08
2024-06-17 16:12:05.125399,2882500,4.244141749e-08
2024-06-17 16:12:05.333777,2882600,4.245448649e-08
2024-06-17 16:12:05.558526,2882700,4.2444220219999997e-08
2024-06-17 16:12:05.762685,2882800,4.244608433000001e-08
2024-06-17 16:12:05.977370,2882900,4.241901445e-08
2024-06-17 16:12:06.183064,2883000,4.2433950040000005e-08
2024-06-17 16:12:06.536111,2883100,4.24274166e-08
2024-06-17 16:12:06.873774,2883200,4.241061119e-08
2024-06-17 16:12:07.071983,2883300,4.244608078e-08
2024-06-17 16:12:07.292137,2883400,4.245075581e-08
2024-06-17 16:12:07.509757,2883500,4.2480623119999995e-08
2024-06-17 16:12:07.719572,2883600,4.2428349189999995e-08
2024-06-17 16:12:07.931464,2883700,4.2421812560000005e-08
2024-06-17 16:12:08.141899,2883800,4.2416209220000004e-08
2024-06-17 16:12:08.349042,2883900,4.24180801e-08
2024-06-17 16:12:08.563338,2884000,4.242181361e-08
2024-06-17 16:12:08.774209,2884100,4.240314553e-08
2024-06-17 16:12:09.077109,2884200,4.240594364e-08
2024-06-17 16:12:09.402758,2884300,4.2433017100000004e-08
2024-06-17 16:12:09.602674,2884400,4.238260765999999e-08
2024-06-17 16:12:09.825027,2884500,4.2455419439999996e-08
2024-06-17 16:12:10.042601,2884600,4.246102173e-08
2024-06-17 16:12:10.260935,2884700,4.243301923e-08
2024-06-17 16:12:10.478212,2884800,4.24292832e-08
2024-06-17 16:12:10.698386,2884900,4.2440484180000004e-08
2024-06-17 16:12:10.915881,2885000,4.243394862e-08
2024-06-17 16:12:11.136917,2885100,4.2447953779999996e-08
2024-06-17 16:12:11.365434,2885200,4.242928142e-08
2024-06-17 16:12:11.636310,2885300,4.242648368e-08
2024-06-17 16:12:11.850644,2885400,4.242461421e-08
2024-06-17 16:12:12.070828,2885500,4.2432080590000003e-08
2024-06-17 16:12:12.285131,2885600,4.2435814849999995e-08
2024-06-17 16:12:12.507124,2885700,4.2427414120000004e-08
2024-06-17 16:12:12.726479,2885800,4.247316347e-08
2024-06-17 16:12:12.945167,2885900,4.243115015e-08
2024-06-17 16:12:13.161163,2886000,4.243954912e-08
2024-06-17 16:12:13.381281,2886100,4.2433949689999995e-08
2024-06-17 16:12:13.600558,2886200,4.244888921999999e-08
2024-06-17 16:12:13.816898,2886300,4.244328551999999e-08
2024-06-17 16:12:14.034559,2886400,4.2448888839999995e-08
2024-06-17 16:12:14.255697,2886500,4.244141998e-08
2024-06-17 16:12:14.474268,2886600,4.248155925e-08
2024-06-17 16:12:14.693917,2886700,4.2432079539999996e-08
2024-06-17 16:12:14.905472,2886800,4.241527877e-08
2024-06-17 16:12:15.126376,2886900,4.2442353979999995e-08
2024-06-17 16:12:15.344937,2887000,4.2453556759999996e-08
2024-06-17 16:12:15.562270,2887100,4.2443284799999996e-08
2024-06-17 16:12:15.780936,2887200,4.245915618e-08
2024-06-17 16:12:16.006347,2887300,4.247129263e-08
2024-06-17 16:12:16.230565,2887400,4.2412478870000004e-08
2024-06-17 16:12:16.448600,2887500,4.2448888130000005e-08
2024-06-17 16:12:16.667055,2887600,4.240781309e-08
2024-06-17 16:12:16.875256,2887700,4.2434884049999996e-08
2024-06-17 16:12:17.104617,2887800,4.244235291e-08
2024-06-17 16:12:17.314148,2887900,4.2404076320000006e-08
2024-06-17 16:12:17.539418,2888000,4.246755836e-08
2024-06-17 16:12:17.758119,2888100,4.24386176e-08
2024-06-17 16:12:17.975917,2888200,4.244328728e-08
2024-06-17 16:12:18.192534,2888300,4.242461777e-08
2024-06-17 16:12:18.410854,2888400,4.2419947009999997e-08
2024-06-17 16:12:18.632524,2888500,4.245915797e-08
2024-06-17 16:12:18.872891,2888600,4.2410608e-08
2024-06-17 16:12:19.083123,2888700,4.244701834e-08
2024-06-17 16:12:19.303230,2888800,4.2440483110000006e-08
2024-06-17 16:12:19.516320,2888900,4.243114766000001e-08
2024-06-17 16:12:19.727572,2889000,4.2429280000000006e-08
2024-06-17 16:12:19.938029,2889100,4.2435815930000004e-08
2024-06-17 16:12:20.158637,2889200,4.2432085610000005e-08
2024-06-17 16:12:20.371006,2889300,4.2434885479999994e-08
2024-06-17 16:12:20.588898,2889400,4.242461243999999e-08
2024-06-17 16:12:20.804656,2889500,4.240407564e-08
2024-06-17 16:12:21.038004,2889600,4.245448791e-08
2024-06-17 16:12:21.253096,2889700,4.2410612959999995e-08
2024-06-17 16:12:21.476629,2889800,4.2435817e-08
2024-06-17 16:12:21.694770,2889900,4.244141784e-08
2024-06-17 16:12:21.911874,2890000,4.2418074740000005e-08
2024-06-17 16:12:22.127770,2890100,4.245635558e-08
2024-06-17 16:12:22.348762,2890200,4.243301815999999e-08
2024-06-17 16:12:22.567974,2890300,4.2458221820000006e-08
2024-06-17 16:12:22.788713,2890400,4.244515315e-08
2024-06-17 16:12:23.002424,2890500,4.2430212599999995e-08
2024-06-17 16:12:23.220900,2890600,4.244701657e-08
2024-06-17 16:12:23.424572,2890700,4.2435816299999996e-08
2024-06-17 16:12:23.641196,2890800,4.242368448e-08
2024-06-17 16:12:23.854259,2890900,4.245075083000001e-08
2024-06-17 16:12:24.064094,2891000,4.2434879080000006e-08
2024-06-17 16:12:24.279884,2891100,4.2420877110000003e-08
2024-06-17 16:12:24.487390,2891200,4.244701799e-08
2024-06-17 16:12:24.705915,2891300,4.24218147e-08
2024-06-17 16:12:24.919887,2891400,4.2417144280000004e-08
2024-06-17 16:12:25.138122,2891500,4.2454490410000006e-08
2024-06-17 16:12:25.355986,2891600,4.243395039e-08
2024-06-17 16:12:25.573119,2891700,4.243581377e-08
2024-06-17 16:12:25.793627,2891800,4.243114942e-08
2024-06-17 16:12:26.063012,2891900,4.242368269e-08
2024-06-17 16:12:26.278771,2892000,4.2475022970000004e-08
2024-06-17 16:12:26.494087,2892100,4.2447019049999996e-08
2024-06-17 16:12:26.716640,2892200,4.241340967e-08
2024-06-17 16:12:26.933779,2892300,4.242741695e-08
2024-06-17 16:12:27.153619,2892400,4.243488476e-08
2024-06-17 16:12:27.369231,2892500,4.2436748870000005e-08
2024-06-17 16:12:27.587130,2892600,4.241994701e-08
2024-06-17 16:12:27.805793,2892700,4.244514961e-08
2024-06-17 16:12:28.028254,2892800,4.2432083100000004e-08
2024-06-17 16:12:28.248884,2892900,4.2418075809999996e-08
2024-06-17 16:12:28.464998,2893000,4.2462886550000004e-08
2024-06-17 16:12:28.682034,2893100,4.242648117e-08
2024-06-17 16:12:28.899057,2893200,4.23966089e-08
2024-06-17 16:12:29.121837,2893300,4.241901301e-08
2024-06-17 16:12:29.336953,2893400,4.24292846e-08
2024-06-17 16:12:29.557133,2893500,4.243301710000001e-08
2024-06-17 16:12:29.774445,2893600,4.2417145719999993e-08
2024-06-17 16:12:29.991345,2893700,4.244608859e-08
